GridLat,GridLon,TotalCrimes,OverallRisk
41.64,-87.62,2,0
41.64,-87.61,2,0
41.64,-87.6,1,0
41.64,-87.54,2,0
41.65,-87.62,158,0
41.65,-87.61,171,0
41.65,-87.6,169,0
41.65,-87.59,10,0
41.65,-87.58,2,0
41.65,-87.56,16,0
41.65,-87.55,169,0
41.65,-87.54,154,0
41.65,-87.53,90,0
41.66,-87.65,27,0
41.66,-87.64,268,0
41.66,-87.63,117,0
41.66,-87.62,108,0
41.66,-87.61,321,1
41.66,-87.6,545,1
41.66,-87.59,34,0
41.66,-87.58,5,0
41.66,-87.57,4,0
41.66,-87.56,64,0
41.66,-87.55,150,0
41.66,-87.54,51,0
41.67,-87.66,72,0
41.67,-87.65,102,0
41.67,-87.64,348,1
41.67,-87.63,286,0
41.67,-87.62,361,1
41.67,-87.57,6,0
41.67,-87.56,42,0
41.67,-87.55,18,0
41.67,-87.54,30,0
41.68,-87.73,1,0
41.68,-87.72,78,0
41.68,-87.71,24,0
41.68,-87.7,2,0
41.68,-87.69,10,0
41.68,-87.68,154,0
41.68,-87.67,157,0
41.68,-87.66,467,1
41.68,-87.65,327,1
41.68,-87.64,686,1
41.68,-87.63,681,1
41.68,-87.62,696,1
41.68,-87.61,38,0
41.68,-87.6,12,0
41.68,-87.58,1,0
41.68,-87.56,2,0
41.68,-87.55,1,0
41.68,-87.54,83,0
41.68,-87.53,22,0
41.69,-87.74,1,0
41.69,-87.73,2,0
41.69,-87.72,39,0
41.69,-87.71,100,0
41.69,-87.7,166,0
41.69,-87.69,57,0
41.69,-87.68,226,0
41.69,-87.67,297,0
41.69,-87.66,387,1
41.69,-87.65,340,1
41.69,-87.64,417,1
41.69,-87.63,473,1
41.69,-87.62,828,2
41.69,-87.61,612,1
41.69,-87.6,150,0
41.69,-87.58,3,0
41.69,-87.54,147,0
41.69,-87.53,98,0
41.69,-87.52,3,0
41.7,-87.72,46,0
41.7,-87.71,48,0
41.7,-87.7,88,0
41.7,-87.69,43,0
41.7,-87.68,116,0
41.7,-87.67,122,0
41.7,-87.66,159,0
41.7,-87.65,238,0
41.7,-87.64,374,1
41.7,-87.63,527,1
41.7,-87.62,713,1
41.7,-87.61,463,1
41.7,-87.6,282,0
41.7,-87.59,30,0
41.7,-87.58,1,0
41.7,-87.57,87,0
41.7,-87.56,302,1
41.7,-87.55,5,0
41.7,-87.54,387,1
41.7,-87.53,292,0
41.7,-87.52,5,0
41.71,-87.72,32,0
41.71,-87.71,25,0
41.71,-87.7,32,0
41.71,-87.69,42,0
41.71,-87.68,135,0
41.71,-87.67,139,0
41.71,-87.66,202,0
41.71,-87.65,371,1
41.71,-87.64,453,1
41.71,-87.63,544,1
41.71,-87.62,574,1
41.71,-87.61,416,1
41.71,-87.6,224,0
41.71,-87.59,33,0
41.71,-87.58,111,0
41.71,-87.57,211,0
41.71,-87.56,242,0
41.71,-87.55,71,0
41.71,-87.54,229,0
41.71,-87.53,97,0
41.72,-87.68,155,0
41.72,-87.67,135,0
41.72,-87.66,588,1
41.72,-87.65,364,1
41.72,-87.64,479,1
41.72,-87.63,599,1
41.72,-87.62,583,1
41.72,-87.61,192,0
41.72,-87.6,245,0
41.72,-87.59,131,0
41.72,-87.58,338,1
41.72,-87.57,372,1
41.72,-87.56,197,0
41.72,-87.55,148,0
41.72,-87.54,247,0
41.72,-87.53,83,0
41.73,-87.74,11,0
41.73,-87.73,3,0
41.73,-87.72,6,0
41.73,-87.68,60,0
41.73,-87.67,163,0
41.73,-87.66,752,1
41.73,-87.65,332,1
41.73,-87.64,434,1
41.73,-87.63,330,1
41.73,-87.62,270,0
41.73,-87.61,445,1
41.73,-87.6,593,1
41.73,-87.59,446,1
41.73,-87.58,317,1
41.73,-87.57,388,1
41.73,-87.56,400,1
41.73,-87.55,931,2
41.73,-87.54,78,0
41.74,-87.74,99,0
41.74,-87.73,142,0
41.74,-87.72,252,0
41.74,-87.71,159,0
41.74,-87.7,213,0
41.74,-87.69,143,0
41.74,-87.68,69,0
41.74,-87.67,430,1
41.74,-87.66,706,1
41.74,-87.65,929,2
41.74,-87.64,487,1
41.74,-87.63,756,1
41.74,-87.62,470,1
41.74,-87.61,635,1
41.74,-87.6,816,1
41.74,-87.59,417,1
41.74,-87.58,440,1
41.74,-87.57,293,0
41.74,-87.56,710,1
41.74,-87.55,740,1
41.74,-87.54,151,0
41.74,-87.53,3,0
41.75,-87.74,435,1
41.75,-87.73,165,0
41.75,-87.72,261,0
41.75,-87.71,264,0
41.75,-87.7,284,0
41.75,-87.69,223,0
41.75,-87.68,273,0
41.75,-87.67,909,2
41.75,-87.66,1352,2
41.75,-87.65,1073,2
41.75,-87.64,743,1
41.75,-87.63,703,1
41.75,-87.62,653,1
41.75,-87.61,1602,2
41.75,-87.6,1836,2
41.75,-87.59,492,1
41.75,-87.58,812,1
41.75,-87.57,852,2
41.75,-87.56,1376,2
41.75,-87.55,860,2
41.75,-87.54,8,0
41.76,-87.74,49,0
41.76,-87.73,47,0
41.76,-87.72,148,0
41.76,-87.71,166,0
41.76,-87.7,235,0
41.76,-87.69,394,1
41.76,-87.68,423,1
41.76,-87.67,528,1
41.76,-87.66,798,1
41.76,-87.65,965,2
41.76,-87.64,843,2
41.76,-87.63,1047,2
41.76,-87.62,873,2
41.76,-87.61,1035,2
41.76,-87.6,446,1
41.76,-87.59,881,2
41.76,-87.58,1010,2
41.76,-87.57,827,2
41.76,-87.56,1667,2
41.76,-87.55,215,0
41.76,-87.54,1,0
41.77,-87.8,9,0
41.77,-87.79,35,0
41.77,-87.78,38,0
41.77,-87.77,3,0
41.77,-87.76,9,0
41.77,-87.75,1,0
41.77,-87.74,118,0
41.77,-87.73,171,0
41.77,-87.72,270,0
41.77,-87.71,148,0
41.77,-87.7,380,1
41.77,-87.69,858,2
41.77,-87.68,614,1
41.77,-87.67,749,1
41.77,-87.66,902,2
41.77,-87.65,820,1
41.77,-87.64,797,1
41.77,-87.63,826,1
41.77,-87.62,1100,2
41.77,-87.61,973,2
41.77,-87.6,420,1
41.77,-87.59,934,2
41.77,-87.58,1519,2
41.77,-87.57,1574,2
41.77,-87.56,67,0
41.78,-87.8,45,0
41.78,-87.79,154,0
41.78,-87.78,196,0
41.78,-87.77,303,1
41.78,-87.76,201,0
41.78,-87.75,73,0
41.78,-87.74,240,0
41.78,-87.73,320,1
41.78,-87.72,372,1
41.78,-87.71,478,1
41.78,-87.7,1158,2
41.78,-87.69,914,2
41.78,-87.68,636,1
41.78,-87.67,641,1
41.78,-87.66,771,1
41.78,-87.65,943,2
41.78,-87.64,791,1
41.78,-87.63,554,1
41.78,-87.62,1425,2
41.78,-87.61,1169,2
41.78,-87.6,794,1
41.78,-87.59,716,1
41.78,-87.58,30,0
41.78,-87.57,60,0
41.79,-87.8,112,0
41.79,-87.79,110,0
41.79,-87.78,188,0
41.79,-87.77,170,0
41.79,-87.76,66,0
41.79,-87.75,151,0
41.79,-87.74,556,1
41.79,-87.73,340,1
41.79,-87.72,380,1
41.79,-87.71,417,1
41.79,-87.7,726,1
41.79,-87.69,546,1
41.79,-87.68,275,0
41.79,-87.67,635,1
41.79,-87.66,759,1
41.79,-87.65,781,1
41.79,-87.64,280,0
41.79,-87.63,549,1
41.79,-87.62,1381,2
41.79,-87.61,275,0
41.79,-87.6,179,0
41.79,-87.59,273,0
41.79,-87.58,313,1
41.8,-87.8,31,0
41.8,-87.79,67,0
41.8,-87.78,69,0
41.8,-87.77,82,0
41.8,-87.76,171,0
41.8,-87.75,171,0
41.8,-87.74,349,1
41.8,-87.73,288,0
41.8,-87.72,388,1
41.8,-87.71,220,0
41.8,-87.7,499,1
41.8,-87.69,389,1
41.8,-87.68,372,1
41.8,-87.67,613,1
41.8,-87.66,577,1
41.8,-87.65,511,1
41.8,-87.64,111,0
41.8,-87.63,298,0
41.8,-87.62,927,2
41.8,-87.61,518,1
41.8,-87.6,690,1
41.8,-87.59,1488,2
41.8,-87.58,337,1
41.81,-87.75,198,0
41.81,-87.74,252,0
41.81,-87.73,282,0
41.81,-87.72,425,1
41.81,-87.71,263,0
41.81,-87.7,448,1
41.81,-87.69,436,1
41.81,-87.68,329,1
41.81,-87.67,953,2
41.81,-87.66,457,1
41.81,-87.65,204,0
41.81,-87.64,251,0
41.81,-87.63,335,1
41.81,-87.62,1244,2
41.81,-87.61,943,2
41.81,-87.6,1036,2
41.81,-87.59,404,1
41.81,-87.58,11,0
41.82,-87.74,15,0
41.82,-87.73,16,0
41.82,-87.72,113,0
41.82,-87.71,86,0
41.82,-87.7,458,1
41.82,-87.69,489,1
41.82,-87.68,100,0
41.82,-87.67,253,0
41.82,-87.66,28,0
41.82,-87.65,49,0
41.82,-87.64,218,0
41.82,-87.63,502,1
41.82,-87.62,1099,2
41.82,-87.61,692,1
41.82,-87.6,553,1
41.82,-87.59,1,0
41.83,-87.74,3,0
41.83,-87.73,42,0
41.83,-87.72,84,0
41.83,-87.71,12,0
41.83,-87.7,89,0
41.83,-87.69,189,0
41.83,-87.68,309,1
41.83,-87.67,460,1
41.83,-87.66,76,0
41.83,-87.65,327,1
41.83,-87.64,293,0
41.83,-87.63,389,1
41.83,-87.62,966,2
41.83,-87.61,911,2
41.83,-87.6,29,0
41.84,-87.74,36,0
41.84,-87.73,639,1
41.84,-87.72,642,1
41.84,-87.71,609,1
41.84,-87.7,269,0
41.84,-87.69,58,0
41.84,-87.68,34,0
41.84,-87.67,156,0
41.84,-87.66,234,0
41.84,-87.65,569,1
41.84,-87.64,359,1
41.84,-87.63,644,1
41.84,-87.62,809,1
41.84,-87.61,258,0
41.85,-87.74,27,0
41.85,-87.73,762,1
41.85,-87.72,916,2
41.85,-87.71,1036,2
41.85,-87.7,774,1
41.85,-87.69,692,1
41.85,-87.68,568,1
41.85,-87.67,424,1
41.85,-87.66,163,0
41.85,-87.65,273,0
41.85,-87.64,368,1
41.85,-87.63,854,2
41.85,-87.62,733,1
41.85,-87.61,13,0
41.86,-87.74,72,0
41.86,-87.73,835,2
41.86,-87.72,1440,2
41.86,-87.71,1449,2
41.86,-87.7,403,1
41.86,-87.69,345,1
41.86,-87.68,215,0
41.86,-87.67,480,1
41.86,-87.66,962,2
41.86,-87.65,644,1
41.86,-87.64,351,1
41.86,-87.63,644,1
41.86,-87.62,619,1
41.86,-87.61,43,0
41.87,-87.77,317,1
41.87,-87.76,463,1
41.87,-87.75,458,1
41.87,-87.74,663,1
41.87,-87.73,949,2
41.87,-87.72,1510,2
41.87,-87.71,1306,2
41.87,-87.7,1299,2
41.87,-87.69,734,1
41.87,-87.68,507,1
41.87,-87.67,490,1
41.87,-87.66,941,2
41.87,-87.65,208,0
41.87,-87.64,983,2
41.87,-87.63,2312,2
41.87,-87.62,641,1
41.87,-87.61,45,0
41.88,-87.77,924,2
41.88,-87.76,1550,2
41.88,-87.75,1943,2
41.88,-87.74,1206,2
41.88,-87.73,1627,2
41.88,-87.72,1101,2
41.88,-87.71,1018,2
41.88,-87.7,1031,2
41.88,-87.69,812,1
41.88,-87.68,1177,2
41.88,-87.67,737,1
41.88,-87.66,907,2
41.88,-87.65,1275,2
41.88,-87.64,1048,2
41.88,-87.63,4261,2
41.88,-87.62,1110,2
41.88,-87.61,6,0
41.89,-87.78,23,0
41.89,-87.77,1056,2
41.89,-87.76,973,2
41.89,-87.75,1009,2
41.89,-87.74,186,0
41.89,-87.73,236,0
41.89,-87.72,896,2
41.89,-87.71,1243,2
41.89,-87.7,301,1
41.89,-87.69,234,0
41.89,-87.68,391,1
41.89,-87.67,527,1
41.89,-87.66,765,1
41.89,-87.65,1357,2
41.89,-87.64,1012,2
41.89,-87.63,4778,2
41.89,-87.62,2450,2
41.89,-87.61,257,0
41.89,-87.6,13,0
41.9,-87.78,47,0
41.9,-87.77,756,1
41.9,-87.76,742,1
41.9,-87.75,912,2
41.9,-87.74,221,0
41.9,-87.73,1061,2
41.9,-87.72,1464,2
41.9,-87.71,987,2
41.9,-87.7,671,1
41.9,-87.69,806,1
41.9,-87.68,649,1
41.9,-87.67,1061,2
41.9,-87.66,553,1
41.9,-87.65,334,1
41.9,-87.64,1111,2
41.9,-87.63,2711,2
41.9,-87.62,1153,2
41.91,-87.81,9,0
41.91,-87.8,87,0
41.91,-87.79,134,0
41.91,-87.78,250,0
41.91,-87.77,642,1
41.91,-87.76,780,1
41.91,-87.75,870,2
41.91,-87.74,514,1
41.91,-87.73,975,2
41.91,-87.72,565,1
41.91,-87.71,758,1
41.91,-87.7,430,1
41.91,-87.69,853,2
41.91,-87.68,920,2
41.91,-87.67,894,2
41.91,-87.66,287,0
41.91,-87.65,1012,2
41.91,-87.64,870,2
41.91,-87.63,708,1
41.91,-87.62,1,0
41.92,-87.81,49,0
41.92,-87.8,219,0
41.92,-87.79,337,1
41.92,-87.78,365,1
41.92,-87.77,578,1
41.92,-87.76,401,1
41.92,-87.75,726,1
41.92,-87.74,457,1
41.92,-87.73,677,1
41.92,-87.72,592,1
41.92,-87.71,598,1
41.92,-87.7,693,1
41.92,-87.69,781,1
41.92,-87.68,423,1
41.92,-87.67,303,1
41.92,-87.66,216,0
41.92,-87.65,510,1
41.92,-87.64,650,1
41.92,-87.63,64,0
41.93,-87.82,2,0
41.93,-87.81,74,0
41.93,-87.8,260,0
41.93,-87.79,422,1
41.93,-87.78,260,0
41.93,-87.77,394,1
41.93,-87.76,544,1
41.93,-87.75,471,1
41.93,-87.74,544,1
41.93,-87.73,310,1
41.93,-87.72,448,1
41.93,-87.71,729,1
41.93,-87.7,583,1
41.93,-87.69,361,1
41.93,-87.68,592,1
41.93,-87.67,463,1
41.93,-87.66,356,1
41.93,-87.65,831,2
41.93,-87.64,1053,2
41.93,-87.63,64,0
41.94,-87.84,5,0
41.94,-87.83,96,0
41.94,-87.82,123,0
41.94,-87.81,218,0
41.94,-87.8,182,0
41.94,-87.79,304,1
41.94,-87.78,256,0
41.94,-87.77,451,1
41.94,-87.76,429,1
41.94,-87.75,540,1
41.94,-87.74,320,1
41.94,-87.73,563,1
41.94,-87.72,553,1
41.94,-87.71,475,1
41.94,-87.7,277,0
41.94,-87.69,210,0
41.94,-87.68,286,0
41.94,-87.67,536,1
41.94,-87.66,489,1
41.94,-87.65,1719,2
41.94,-87.64,841,2
41.94,-87.63,1,0
41.95,-87.92,50,0
41.95,-87.91,9,0
41.95,-87.9,2,0
41.95,-87.84,30,0
41.95,-87.83,123,0
41.95,-87.82,107,0
41.95,-87.81,228,0
41.95,-87.8,231,0
41.95,-87.79,177,0
41.95,-87.78,280,0
41.95,-87.77,360,1
41.95,-87.76,283,0
41.95,-87.75,521,1
41.95,-87.74,310,1
41.95,-87.73,378,1
41.95,-87.72,285,0
41.95,-87.71,672,1
41.95,-87.7,329,1
41.95,-87.69,232,0
41.95,-87.68,301,1
41.95,-87.67,366,1
41.95,-87.66,945,2
41.95,-87.65,1629,2
41.95,-87.64,256,0
41.96,-87.93,1,0
41.96,-87.92,3,0
41.96,-87.91,5,0
41.96,-87.89,4,0
41.96,-87.88,10,0
41.96,-87.85,4,0
41.96,-87.84,59,0
41.96,-87.8,27,0
41.96,-87.79,79,0
41.96,-87.78,235,0
41.96,-87.77,317,1
41.96,-87.76,283,0
41.96,-87.75,321,1
41.96,-87.74,130,0
41.96,-87.73,472,1
41.96,-87.72,491,1
41.96,-87.71,637,1
41.96,-87.7,275,0
41.96,-87.69,272,0
41.96,-87.68,335,1
41.96,-87.67,353,1
41.96,-87.66,681,1
41.96,-87.65,1176,2
41.96,-87.64,66,0
41.96,-87.63,2,0
41.97,-87.91,2,0
41.97,-87.9,1,0
41.97,-87.89,162,0
41.97,-87.88,5,0
41.97,-87.86,5,0
41.97,-87.85,67,0
41.97,-87.84,79,0
41.97,-87.83,2,0
41.97,-87.82,17,0
41.97,-87.81,73,0
41.97,-87.8,63,0
41.97,-87.79,62,0
41.97,-87.78,196,0
41.97,-87.77,298,0
41.97,-87.76,380,1
41.97,-87.75,239,0
41.97,-87.74,267,0
41.97,-87.73,469,1
41.97,-87.72,619,1
41.97,-87.71,638,1
41.97,-87.7,315,1
41.97,-87.69,564,1
41.97,-87.68,352,1
41.97,-87.67,456,1
41.97,-87.66,1320,2
41.97,-87.65,829,2
41.97,-87.64,43,0
41.98,-87.91,453,1
41.98,-87.9,369,1
41.98,-87.89,14,0
41.98,-87.88,115,0
41.98,-87.85,102,0
41.98,-87.84,317,1
41.98,-87.83,16,0
41.98,-87.82,86,0
41.98,-87.81,141,0
41.98,-87.8,119,0
41.98,-87.79,168,0
41.98,-87.78,120,0
41.98,-87.77,233,0
41.98,-87.76,100,0
41.98,-87.75,115,0
41.98,-87.74,67,0
41.98,-87.73,94,0
41.98,-87.72,80,0
41.98,-87.71,376,1
41.98,-87.7,358,1
41.98,-87.69,559,1
41.98,-87.68,175,0
41.98,-87.67,468,1
41.98,-87.66,1260,2
41.98,-87.65,180,0
41.99,-87.92,2,0
41.99,-87.91,1,0
41.99,-87.9,1,0
41.99,-87.89,20,0
41.99,-87.88,164,0
41.99,-87.85,2,0
41.99,-87.84,37,0
41.99,-87.83,13,0
41.99,-87.82,44,0
41.99,-87.81,138,0
41.99,-87.8,98,0
41.99,-87.79,125,0
41.99,-87.78,185,0
41.99,-87.77,51,0
41.99,-87.76,22,0
41.99,-87.75,85,0
41.99,-87.74,88,0
41.99,-87.73,117,0
41.99,-87.72,102,0
41.99,-87.71,405,1
41.99,-87.7,555,1
41.99,-87.69,475,1
41.99,-87.68,347,1
41.99,-87.67,494,1
41.99,-87.66,1321,2
41.99,-87.65,14,0
42.0,-87.94,3,0
42.0,-87.89,9,0
42.0,-87.88,7,0
42.0,-87.82,110,0
42.0,-87.81,122,0
42.0,-87.8,62,0
42.0,-87.79,87,0
42.0,-87.78,17,0
42.0,-87.77,34,0
42.0,-87.76,70,0
42.0,-87.75,16,0
42.0,-87.74,13,0
42.0,-87.73,22,0
42.0,-87.72,56,0
42.0,-87.71,177,0
42.0,-87.7,540,1
42.0,-87.69,582,1
42.0,-87.68,474,1
42.0,-87.67,705,1
42.0,-87.66,842,2
42.01,-87.93,3,0
42.01,-87.91,1,0
42.01,-87.9,5,0
42.01,-87.82,32,0
42.01,-87.81,79,0
42.01,-87.79,8,0
42.01,-87.78,26,0
42.01,-87.77,15,0
42.01,-87.76,6,0
42.01,-87.71,72,0
42.01,-87.7,225,0
42.01,-87.69,416,1
42.01,-87.68,533,1
42.01,-87.67,973,2
42.01,-87.66,596,1
42.02,-87.82,9,0
42.02,-87.81,38,0
42.02,-87.71,21,0
42.02,-87.7,60,0
42.02,-87.69,263,0
42.02,-87.68,752,1
42.02,-87.67,1078,2
42.02,-87.66,104,0
